{
  "eye": {
    "orientation": [
      0.9969240427017212,
      0,
      0,
      0.07837411761283875
    ],
    "magnitude": 1,
    "position": [
      0,
      -80.00865936279297,
      -505.71136474609375
    ]
  },
  "radius": 512,
  "type": "ORTHOGRAPHIC"
}